park, ride name, wait time, status, date-time
California Adventure,Animation Academy,0,Closed,Wed Jul 20 2016 23:45:02 GMT-0700 (PDT)
California Adventure,California Screamin',0,Closed,Wed Jul 20 2016 23:45:02 GMT-0700 (PDT)
California Adventure,Flik's Flyers,0,Closed,Wed Jul 20 2016 23:45:02 GMT-0700 (PDT)
California Adventure,Francis' Ladybug Boogie,0,Closed,Wed Jul 20 2016 23:45:02 GMT-0700 (PDT)
California Adventure,Games of the Boardwalk,0,Closed,Wed Jul 20 2016 23:45:02 GMT-0700 (PDT)
California Adventure,Golden Zephyr,0,Closed,Wed Jul 20 2016 23:45:02 GMT-0700 (PDT)
California Adventure,Grizzly River Run,0,Closed,Wed Jul 20 2016 23:45:02 GMT-0700 (PDT)
California Adventure,Heimlich's Chew Chew Train,0,Closed,Wed Jul 20 2016 23:45:02 GMT-0700 (PDT)
California Adventure,It's Tough to be a Bug!,0,Closed,Wed Jul 20 2016 23:45:02 GMT-0700 (PDT)
California Adventure,Jumpin' Jellyfish,0,Closed,Wed Jul 20 2016 23:45:02 GMT-0700 (PDT)
California Adventure,King Triton's Carousel,0,Closed,Wed Jul 20 2016 23:45:02 GMT-0700 (PDT)
California Adventure,Mickey's Fun Wheel,0,Closed,Wed Jul 20 2016 23:45:02 GMT-0700 (PDT)
California Adventure,Monsters Inc. Mike & Sulley to the Rescue!,0,Closed,Wed Jul 20 2016 23:45:02 GMT-0700 (PDT)
California Adventure,Princess Dot Puddle Park,0,Closed,Wed Jul 20 2016 23:45:02 GMT-0700 (PDT)
California Adventure,Redwood Creek Challenge Trail,0,Closed,Wed Jul 20 2016 23:45:02 GMT-0700 (PDT)
California Adventure,Soarin' Around the World,0,Closed,Wed Jul 20 2016 23:45:02 GMT-0700 (PDT)
California Adventure,Sorcerer's Workshop,0,Closed,Wed Jul 20 2016 23:45:02 GMT-0700 (PDT)
California Adventure,The Bakery Tour,0,Closed,Wed Jul 20 2016 23:45:02 GMT-0700 (PDT)
California Adventure,The Twilight Zone Tower of Terror,0,Closed,Wed Jul 20 2016 23:45:02 GMT-0700 (PDT)
California Adventure,Toy Story Midway Mania!,0,Closed,Wed Jul 20 2016 23:45:02 GMT-0700 (PDT)
California Adventure,Tuck and Roll's Drive 'Em Buggies,0,Closed,Wed Jul 20 2016 23:45:02 GMT-0700 (PDT)
California Adventure,Turtle Talk with Crush,0,Closed,Wed Jul 20 2016 23:45:02 GMT-0700 (PDT)
California Adventure,Silly Symphony Swings,0,Closed,Wed Jul 20 2016 23:45:02 GMT-0700 (PDT)
California Adventure,The Little Mermaid - Ariel's Undersea Adventure,0,Closed,Wed Jul 20 2016 23:45:02 GMT-0700 (PDT)
California Adventure,Goofy's Sky School
California Adventure,Goofys Sky School,0,Closed,Wed Jul 20 2016 23:45:02 GMT-0700 (PDT)
California Adventure,Disney Junior - Live on Stage!,0,Operating,Wed Jul 20 2016 23:45:02 GMT-0700 (PDT)
California Adventure,World of Color – Celebrate!,0,Operating,Wed Jul 20 2016 23:45:02 GMT-0700 (PDT)
California Adventure,Radiator Springs Racers,0,Closed,Wed Jul 20 2016 23:45:02 GMT-0700 (PDT)
California Adventure,Mater's Junkyard Jamboree,0,Closed,Wed Jul 20 2016 23:45:02 GMT-0700 (PDT)
California Adventure,Red Car Trolley,0,Closed,Wed Jul 20 2016 23:45:02 GMT-0700 (PDT)
California Adventure,Red Car Trolley - Hollywood Land,0,Closed,Wed Jul 20 2016 23:45:02 GMT-0700 (PDT)
California Adventure,Red Car Trolley - Carthay Circle,0,Closed,Wed Jul 20 2016 23:45:02 GMT-0700 (PDT)
California Adventure,Diamond Celebration Décor,0,Closed,Wed Jul 20 2016 23:45:02 GMT-0700 (PDT)
California Adventure,Luigi's Rollickin' Roadsters,0,Closed,Wed Jul 20 2016 23:45:02 GMT-0700 (PDT)
California Adventure,Frozen at Disneyland Resort,0,Closed,Wed Jul 20 2016 23:45:02 GMT-0700 (PDT)
California Adventure,Disney "Pete's Dragon" Sneak Peek,0,Closed,Wed Jul 20 2016 23:45:02 GMT-0700 (PDT)
