park, ride name, wait time, status, date-time
Disneyland,Astro Orbitor,20,Operating,Wed Jul 20 2016 13:15:02 GMT-0700 (PDT)
Disneyland,Autopia,20,Operating,Wed Jul 20 2016 13:15:02 GMT-0700 (PDT)
Disneyland,Big Thunder Mountain Railroad,30,Operating,Wed Jul 20 2016 13:15:02 GMT-0700 (PDT)
Disneyland,Buzz Lightyear Astro Blasters ,35,Operating,Wed Jul 20 2016 13:15:02 GMT-0700 (PDT)
Disneyland,Casey Jr. Circus Train,15,Operating,Wed Jul 20 2016 13:15:02 GMT-0700 (PDT)
Disneyland,Chip 'n Dale Treehouse,0,Operating,Wed Jul 20 2016 13:15:02 GMT-0700 (PDT)
Disneyland,Davy Crockett's Explorer Canoes,0,Closed,Wed Jul 20 2016 13:15:02 GMT-0700 (PDT)
Disneyland,Disneyland Monorail,0,Down,Wed Jul 20 2016 13:15:02 GMT-0700 (PDT)
Disneyland,Disneyland Railroad,0,Closed,Wed Jul 20 2016 13:15:02 GMT-0700 (PDT)
Disneyland,Donald's Boat,0,Operating,Wed Jul 20 2016 13:15:02 GMT-0700 (PDT)
Disneyland,Dumbo the Flying Elephant,20,Operating,Wed Jul 20 2016 13:15:02 GMT-0700 (PDT)
Disneyland,Enchanted Tiki Room,5,Operating,Wed Jul 20 2016 13:15:02 GMT-0700 (PDT)
Disneyland,Finding Nemo Submarine Voyage,55,Operating,Wed Jul 20 2016 13:15:02 GMT-0700 (PDT)
Disneyland,Fire Engine presented by National Car Rental,0,Down,Wed Jul 20 2016 13:15:02 GMT-0700 (PDT)
Disneyland,Frontierland Shootin' Exposition,0,Operating,Wed Jul 20 2016 13:15:02 GMT-0700 (PDT)
Disneyland,Gadget's Go Coaster,25,Operating,Wed Jul 20 2016 13:15:02 GMT-0700 (PDT)
Disneyland,Goofy's Playhouse,0,Operating,Wed Jul 20 2016 13:15:02 GMT-0700 (PDT)
Disneyland,Haunted Mansion,25,Operating,Wed Jul 20 2016 13:15:02 GMT-0700 (PDT)
Disneyland,Horse-Drawn Streetcars presented by National Car Rental,0,Operating,Wed Jul 20 2016 13:15:02 GMT-0700 (PDT)
Disneyland,Horseless Carriage presented by National Car Rental,0,Down,Wed Jul 20 2016 13:15:02 GMT-0700 (PDT)
Disneyland,Indiana Jones Adventure ,40,Operating,Wed Jul 20 2016 13:15:02 GMT-0700 (PDT)
Disneyland,Jungle Cruise,25,Operating,Wed Jul 20 2016 13:15:02 GMT-0700 (PDT)
Disneyland,King Arthur Carrousel,5,Operating,Wed Jul 20 2016 13:15:02 GMT-0700 (PDT)
Disneyland,Mad Tea Party ,10,Operating,Wed Jul 20 2016 13:15:02 GMT-0700 (PDT)
Disneyland,Main Street Cinema,0,Operating,Wed Jul 20 2016 13:15:02 GMT-0700 (PDT)
Disneyland,Mark Twain Riverboat,0,Closed,Wed Jul 20 2016 13:15:02 GMT-0700 (PDT)
Disneyland,Matterhorn Bobsleds,45,Operating,Wed Jul 20 2016 13:15:02 GMT-0700 (PDT)
Disneyland,Mickey's House and Meet Mickey,10,Operating,Wed Jul 20 2016 13:15:02 GMT-0700 (PDT)
Disneyland,Minnie's House,0,Operating,Wed Jul 20 2016 13:15:02 GMT-0700 (PDT)
Disneyland,Mr. Toad's Wild Ride ,40,Operating,Wed Jul 20 2016 13:15:02 GMT-0700 (PDT)
Disneyland,Omnibus presented by National Car Rental,0,Down,Wed Jul 20 2016 13:15:02 GMT-0700 (PDT)
Disneyland,Peter Pan's Flight ,40,Operating,Wed Jul 20 2016 13:15:02 GMT-0700 (PDT)
Disneyland,Pinocchio's Daring Journey,40,Operating,Wed Jul 20 2016 13:15:02 GMT-0700 (PDT)
Disneyland,Pirate's Lair on Tom Sawyer Island,0,Closed,Wed Jul 20 2016 13:15:02 GMT-0700 (PDT)
Disneyland,Pirates of the Caribbean ,30,Operating,Wed Jul 20 2016 13:15:02 GMT-0700 (PDT)
Disneyland,Roger Rabbit's Car Toon Spin,40,Operating,Wed Jul 20 2016 13:15:02 GMT-0700 (PDT)
Disneyland,Sailing Ship Columbia,0,Closed,Wed Jul 20 2016 13:15:02 GMT-0700 (PDT)
Disneyland,Sleeping Beauty Castle Walkthrough,0,Operating,Wed Jul 20 2016 13:15:02 GMT-0700 (PDT)
Disneyland,Snow White's Scary Adventures,20,Operating,Wed Jul 20 2016 13:15:02 GMT-0700 (PDT)
Disneyland,Hyperspace Mountain,75,Operating,Wed Jul 20 2016 13:15:02 GMT-0700 (PDT)
Disneyland,Splash Mountain,70,Operating,Wed Jul 20 2016 13:15:02 GMT-0700 (PDT)
Disneyland,Star Tours - The Adventures Continue,65,Operating,Wed Jul 20 2016 13:15:02 GMT-0700 (PDT)
Disneyland,Storybook Land Canal Boats,25,Operating,Wed Jul 20 2016 13:15:02 GMT-0700 (PDT)
Disneyland,Tarzan's Treehouse,0,Operating,Wed Jul 20 2016 13:15:02 GMT-0700 (PDT)
Disneyland,The Many Adventures of Winnie the Pooh,5,Operating,Wed Jul 20 2016 13:15:02 GMT-0700 (PDT)
Disneyland,The Disneyland Story presenting Great Moments with Mr. Lincoln,0,Operating,Wed Jul 20 2016 13:15:02 GMT-0700 (PDT)
Disneyland,"it's a small world",10,Operating,Wed Jul 20 2016 13:15:02 GMT-0700 (PDT)
Disneyland,Alice in Wonderland,40,Operating,Wed Jul 20 2016 13:15:02 GMT-0700 (PDT)
Disneyland,Main Street Vehicles,0,Operating,Wed Jul 20 2016 13:15:02 GMT-0700 (PDT)
Disneyland,Pixie Hollow,0,Operating,Wed Jul 20 2016 13:15:02 GMT-0700 (PDT)
Disneyland,Fantasmic!,0,Closed,Wed Jul 20 2016 13:15:02 GMT-0700 (PDT)
Disneyland,The Disney Gallery,0,Operating,Wed Jul 20 2016 13:15:02 GMT-0700 (PDT)
Disneyland,Diamond Celebration Décor,0,Closed,Wed Jul 20 2016 13:15:02 GMT-0700 (PDT)
Disneyland,Trick or Treating at Mickey’s Halloween Party,0,Closed,Wed Jul 20 2016 13:15:02 GMT-0700 (PDT)
Disneyland,Jingle Cruise,0,Closed,Wed Jul 20 2016 13:15:02 GMT-0700 (PDT)
Disneyland,"it's a small world" Holiday,0,Closed,Wed Jul 20 2016 13:15:02 GMT-0700 (PDT)
Disneyland,Star Wars Launch Bay,0,Operating,Wed Jul 20 2016 13:15:02 GMT-0700 (PDT)
Disneyland,Space Mountain,0,Operating,Wed Jul 20 2016 13:15:02 GMT-0700 (PDT)
Disneyland,Star Wars: Path of the Jedi,0,Operating,Wed Jul 20 2016 13:15:02 GMT-0700 (PDT)
Disneyland,Haunted Mansion Holiday,0,Closed,Wed Jul 20 2016 13:15:02 GMT-0700 (PDT)
Disneyland,Space Mountain Ghost Galaxy,0,Closed,Wed Jul 20 2016 13:15:02 GMT-0700 (PDT)
Disneyland,Main Street Pumpkin Festival,0,Closed,Wed Jul 20 2016 13:15:02 GMT-0700 (PDT)
California Adventure,Animation Academy,0,Operating,Wed Jul 20 2016 13:15:02 GMT-0700 (PDT)
California Adventure,California Screamin',45,Operating,Wed Jul 20 2016 13:15:02 GMT-0700 (PDT)
California Adventure,Flik's Flyers,25,Operating,Wed Jul 20 2016 13:15:02 GMT-0700 (PDT)
California Adventure,Francis' Ladybug Boogie,5,Operating,Wed Jul 20 2016 13:15:02 GMT-0700 (PDT)
California Adventure,Games of the Boardwalk,0,Operating,Wed Jul 20 2016 13:15:02 GMT-0700 (PDT)
California Adventure,Golden Zephyr,5,Operating,Wed Jul 20 2016 13:15:02 GMT-0700 (PDT)
California Adventure,Grizzly River Run,95,Operating,Wed Jul 20 2016 13:15:02 GMT-0700 (PDT)
California Adventure,Heimlich's Chew Chew Train,10,Operating,Wed Jul 20 2016 13:15:02 GMT-0700 (PDT)
California Adventure,It's Tough to be a Bug!,5,Operating,Wed Jul 20 2016 13:15:02 GMT-0700 (PDT)
California Adventure,Jumpin' Jellyfish,10,Operating,Wed Jul 20 2016 13:15:02 GMT-0700 (PDT)
California Adventure,King Triton's Carousel,5,Operating,Wed Jul 20 2016 13:15:02 GMT-0700 (PDT)
California Adventure,Mickey's Fun Wheel,0,Down,Wed Jul 20 2016 13:15:02 GMT-0700 (PDT)
California Adventure,Monsters Inc. Mike & Sulley to the Rescue!,20,Operating,Wed Jul 20 2016 13:15:02 GMT-0700 (PDT)
California Adventure,Princess Dot Puddle Park,0,Operating,Wed Jul 20 2016 13:15:02 GMT-0700 (PDT)
California Adventure,Redwood Creek Challenge Trail,0,Operating,Wed Jul 20 2016 13:15:02 GMT-0700 (PDT)
California Adventure,Soarin' Around the World,60,Operating,Wed Jul 20 2016 13:15:02 GMT-0700 (PDT)
California Adventure,Sorcerer's Workshop,0,Operating,Wed Jul 20 2016 13:15:02 GMT-0700 (PDT)
California Adventure,The Bakery Tour,0,Operating,Wed Jul 20 2016 13:15:02 GMT-0700 (PDT)
California Adventure,The Twilight Zone Tower of Terror,40,Operating,Wed Jul 20 2016 13:15:02 GMT-0700 (PDT)
California Adventure,Toy Story Midway Mania!,30,Operating,Wed Jul 20 2016 13:15:02 GMT-0700 (PDT)
California Adventure,Tuck and Roll's Drive 'Em Buggies,0,Down,Wed Jul 20 2016 13:15:02 GMT-0700 (PDT)
California Adventure,Turtle Talk with Crush,5,Operating,Wed Jul 20 2016 13:15:02 GMT-0700 (PDT)
California Adventure,Silly Symphony Swings,0,Down,Wed Jul 20 2016 13:15:02 GMT-0700 (PDT)
California Adventure,The Little Mermaid - Ariel's Undersea Adventure,10,Operating,Wed Jul 20 2016 13:15:02 GMT-0700 (PDT)
California Adventure,Goofy's Sky School
California Adventure,Goofys Sky School,45,Operating,Wed Jul 20 2016 13:15:02 GMT-0700 (PDT)
California Adventure,Disney Junior - Live on Stage!,0,Operating,Wed Jul 20 2016 13:15:02 GMT-0700 (PDT)
California Adventure,World of Color – Celebrate!,0,Operating,Wed Jul 20 2016 13:15:02 GMT-0700 (PDT)
California Adventure,Radiator Springs Racers,120,Operating,Wed Jul 20 2016 13:15:02 GMT-0700 (PDT)
California Adventure,Mater's Junkyard Jamboree,5,Operating,Wed Jul 20 2016 13:15:02 GMT-0700 (PDT)
California Adventure,Red Car Trolley,0,Operating,Wed Jul 20 2016 13:15:02 GMT-0700 (PDT)
California Adventure,Red Car Trolley - Hollywood Land,0,Operating,Wed Jul 20 2016 13:15:02 GMT-0700 (PDT)
California Adventure,Red Car Trolley - Carthay Circle,0,Operating,Wed Jul 20 2016 13:15:02 GMT-0700 (PDT)
California Adventure,Diamond Celebration Décor,0,Closed,Wed Jul 20 2016 13:15:02 GMT-0700 (PDT)
California Adventure,Luigi's Rollickin' Roadsters,20,Operating,Wed Jul 20 2016 13:15:02 GMT-0700 (PDT)
California Adventure,Frozen at Disneyland Resort,0,Operating,Wed Jul 20 2016 13:15:02 GMT-0700 (PDT)
California Adventure,Disney "Pete's Dragon" Sneak Peek,0,Operating,Wed Jul 20 2016 13:15:02 GMT-0700 (PDT)
