park, ride name, wait time, status, date-time
Disneyland,Astro Orbitor,20,Operating,Wed Jul 20 2016 18:13:16 GMT-0700 (PDT)
Disneyland,Autopia,20,Operating,Wed Jul 20 2016 18:13:16 GMT-0700 (PDT)
Disneyland,Big Thunder Mountain Railroad,20,Operating,Wed Jul 20 2016 18:13:16 GMT-0700 (PDT)
Disneyland,Buzz Lightyear Astro Blasters ,30,Operating,Wed Jul 20 2016 18:13:16 GMT-0700 (PDT)
Disneyland,Casey Jr. Circus Train,10,Operating,Wed Jul 20 2016 18:13:16 GMT-0700 (PDT)
Disneyland,Chip 'n Dale Treehouse,0,Operating,Wed Jul 20 2016 18:13:16 GMT-0700 (PDT)
Disneyland,Davy Crockett's Explorer Canoes,0,Closed,Wed Jul 20 2016 18:13:16 GMT-0700 (PDT)
Disneyland,Disneyland Monorail,0,Down,Wed Jul 20 2016 18:13:16 GMT-0700 (PDT)
Disneyland,Disneyland Railroad,0,Closed,Wed Jul 20 2016 18:13:16 GMT-0700 (PDT)
Disneyland,Donald's Boat,0,Operating,Wed Jul 20 2016 18:13:16 GMT-0700 (PDT)
Disneyland,Dumbo the Flying Elephant,20,Operating,Wed Jul 20 2016 18:13:16 GMT-0700 (PDT)
Disneyland,Enchanted Tiki Room,5,Operating,Wed Jul 20 2016 18:13:16 GMT-0700 (PDT)
Disneyland,Finding Nemo Submarine Voyage,45,Operating,Wed Jul 20 2016 18:13:16 GMT-0700 (PDT)
Disneyland,Fire Engine presented by National Car Rental,0,Closed,Wed Jul 20 2016 18:13:16 GMT-0700 (PDT)
Disneyland,Frontierland Shootin' Exposition,0,Operating,Wed Jul 20 2016 18:13:16 GMT-0700 (PDT)
Disneyland,Gadget's Go Coaster,25,Operating,Wed Jul 20 2016 18:13:16 GMT-0700 (PDT)
Disneyland,Goofy's Playhouse,0,Operating,Wed Jul 20 2016 18:13:16 GMT-0700 (PDT)
Disneyland,Haunted Mansion,15,Operating,Wed Jul 20 2016 18:13:16 GMT-0700 (PDT)
Disneyland,Horse-Drawn Streetcars presented by National Car Rental,0,Closed,Wed Jul 20 2016 18:13:16 GMT-0700 (PDT)
Disneyland,Horseless Carriage presented by National Car Rental,0,Closed,Wed Jul 20 2016 18:13:16 GMT-0700 (PDT)
Disneyland,Indiana Jones Adventure ,50,Operating,Wed Jul 20 2016 18:13:16 GMT-0700 (PDT)
Disneyland,Jungle Cruise,20,Operating,Wed Jul 20 2016 18:13:16 GMT-0700 (PDT)
Disneyland,King Arthur Carrousel,0,Down,Wed Jul 20 2016 18:13:16 GMT-0700 (PDT)
Disneyland,Mad Tea Party ,10,Operating,Wed Jul 20 2016 18:13:16 GMT-0700 (PDT)
Disneyland,Main Street Cinema,0,Operating,Wed Jul 20 2016 18:13:16 GMT-0700 (PDT)
Disneyland,Mark Twain Riverboat,0,Closed,Wed Jul 20 2016 18:13:16 GMT-0700 (PDT)
Disneyland,Matterhorn Bobsleds,0,Down,Wed Jul 20 2016 18:13:16 GMT-0700 (PDT)
Disneyland,Mickey's House and Meet Mickey,15,Operating,Wed Jul 20 2016 18:13:16 GMT-0700 (PDT)
Disneyland,Minnie's House,0,Operating,Wed Jul 20 2016 18:13:16 GMT-0700 (PDT)
Disneyland,Mr. Toad's Wild Ride ,25,Operating,Wed Jul 20 2016 18:13:16 GMT-0700 (PDT)
Disneyland,Omnibus presented by National Car Rental,0,Closed,Wed Jul 20 2016 18:13:16 GMT-0700 (PDT)
Disneyland,Peter Pan's Flight ,35,Operating,Wed Jul 20 2016 18:13:16 GMT-0700 (PDT)
Disneyland,Pinocchio's Daring Journey,15,Operating,Wed Jul 20 2016 18:13:16 GMT-0700 (PDT)
Disneyland,Pirate's Lair on Tom Sawyer Island,0,Closed,Wed Jul 20 2016 18:13:16 GMT-0700 (PDT)
Disneyland,Pirates of the Caribbean ,0,Down,Wed Jul 20 2016 18:13:16 GMT-0700 (PDT)
Disneyland,Roger Rabbit's Car Toon Spin,40,Operating,Wed Jul 20 2016 18:13:16 GMT-0700 (PDT)
Disneyland,Sailing Ship Columbia,0,Closed,Wed Jul 20 2016 18:13:16 GMT-0700 (PDT)
Disneyland,Sleeping Beauty Castle Walkthrough,0,Operating,Wed Jul 20 2016 18:13:16 GMT-0700 (PDT)
Disneyland,Snow White's Scary Adventures,15,Operating,Wed Jul 20 2016 18:13:16 GMT-0700 (PDT)
Disneyland,Hyperspace Mountain,95,Operating,Wed Jul 20 2016 18:13:16 GMT-0700 (PDT)
Disneyland,Splash Mountain,50,Operating,Wed Jul 20 2016 18:13:16 GMT-0700 (PDT)
Disneyland,Star Tours - The Adventures Continue,35,Operating,Wed Jul 20 2016 18:13:16 GMT-0700 (PDT)
Disneyland,Storybook Land Canal Boats,30,Operating,Wed Jul 20 2016 18:13:16 GMT-0700 (PDT)
Disneyland,Tarzan's Treehouse,0,Operating,Wed Jul 20 2016 18:13:16 GMT-0700 (PDT)
Disneyland,The Many Adventures of Winnie the Pooh,0,Down,Wed Jul 20 2016 18:13:16 GMT-0700 (PDT)
Disneyland,The Disneyland Story presenting Great Moments with Mr. Lincoln,0,Operating,Wed Jul 20 2016 18:13:16 GMT-0700 (PDT)
Disneyland,"it's a small world",15,Operating,Wed Jul 20 2016 18:13:16 GMT-0700 (PDT)
Disneyland,Alice in Wonderland,45,Operating,Wed Jul 20 2016 18:13:16 GMT-0700 (PDT)
Disneyland,Main Street Vehicles,0,Closed,Wed Jul 20 2016 18:13:16 GMT-0700 (PDT)
Disneyland,Pixie Hollow,0,Operating,Wed Jul 20 2016 18:13:16 GMT-0700 (PDT)
Disneyland,Fantasmic!,0,Closed,Wed Jul 20 2016 18:13:16 GMT-0700 (PDT)
Disneyland,The Disney Gallery,0,Operating,Wed Jul 20 2016 18:13:16 GMT-0700 (PDT)
Disneyland,Diamond Celebration Décor,0,Closed,Wed Jul 20 2016 18:13:16 GMT-0700 (PDT)
Disneyland,Trick or Treating at Mickey’s Halloween Party,0,Closed,Wed Jul 20 2016 18:13:16 GMT-0700 (PDT)
Disneyland,Jingle Cruise,0,Closed,Wed Jul 20 2016 18:13:16 GMT-0700 (PDT)
Disneyland,"it's a small world" Holiday,0,Closed,Wed Jul 20 2016 18:13:16 GMT-0700 (PDT)
Disneyland,Star Wars Launch Bay,0,Operating,Wed Jul 20 2016 18:13:16 GMT-0700 (PDT)
Disneyland,Space Mountain,0,Closed,Wed Jul 20 2016 18:13:16 GMT-0700 (PDT)
Disneyland,Star Wars: Path of the Jedi,0,Operating,Wed Jul 20 2016 18:13:16 GMT-0700 (PDT)
Disneyland,Haunted Mansion Holiday,0,Closed,Wed Jul 20 2016 18:13:16 GMT-0700 (PDT)
Disneyland,Space Mountain Ghost Galaxy,0,Closed,Wed Jul 20 2016 18:13:16 GMT-0700 (PDT)
Disneyland,Main Street Pumpkin Festival,0,Closed,Wed Jul 20 2016 18:13:16 GMT-0700 (PDT)
